iter	RMSE
0	7161.079983
1	6994.313259
